ONS ID,First party,Constituency Name,Inverted Block Support (tab 32),Land feasible km2 (tab 31. FOE data 2023),MW Accepted Since 1990 tab 23,Index
E14001127,Con,Bridlington and The Wolds,0.908550514,1,0.944991434,0.951180649
E14001087,Con,Beverley and Holderness,0.940406796,0.931966268,0.971443486,0.94793885
E14001375,Con,Newark,0.928642343,0.920078077,0.985369256,0.944696559
E14001309,Con,Kenilworth and Southam,0.949443725,0.875680379,0.928602717,0.91790894
E14001250,Con,Goole and Pocklington,0.919930954,0.913553098,0.919627793,0.917703948
E14001482,LD,South Cotswolds,0.918034819,0.827643558,1,0.915226126
E14001224,LD,Ely and East Cambridgeshire,0.913554728,0.82923062,0.966597238,0.903127528
E14001424,Lab,Penrith and Solway,0.937918382,0.950220011,0.818869655,0.902336016
E14001192,Con,Daventry,0.91390462,0.908033272,0.880115102,0.900684331
E14001253,Con,Grantham and Bourne,0.892737065,0.917206529,0.88828406,0.899409218
E14001343,Con,Louth and Horncastle,0.901743068,0.933493333,0.857445439,0.897560613
E14001243,Con,Gainsborough,0.874094014,0.979061148,0.835964281,0.896373147
E14001444,Con,Richmond and Northallerton,0.858442962,0.972814396,0.853794234,0.895017198
E14001405,Con,North West Norfolk,0.902492585,0.843507976,0.938812502,0.894937687
E14001298,Con,Huntingdon,0.908897505,0.899653921,0.873783999,0.894111808
E14001397,Lab,North Northumberland,0.883320809,0.986922012,0.80486611,0.891702977
E14001385,LD,North Cornwall,0.916254456,0.837761895,0.917934382,0.890650244
E14001481,LD,South Cambridgeshire,0.941478187,0.805256648,0.919995066,0.888909967
E14001552,Con,Torridge and Tavistock,0.928692057,0.805861998,0.917530487,0.884028181
E14001351,Con,Maldon,0.927319081,0.806957725,0.91670651,0.883661106
E14001156,Con,Central Suffolk and North Ipswich,0.911891726,0.820452882,0.91250501,0.881616539
E14001464,Lab,Selby,0.942957248,0.794325788,0.905346616,0.88087655
E14001490,Con,South Northamptonshire,0.902597358,0.875997672,0.863666749,0.880753927
E14001141,Lab,Buckingham and Bletchley,0.893565136,0.843094574,0.904507816,0.880389176
E14001519,Con,Stockton West,0.938511624,0.788908175,0.910260504,0.879226768
E14001488,Con,South Leicestershire,0.917330206,0.831467472,0.884093764,0.877630481
E14001247,LD,Glastonbury and Somerton,0.946622378,0.824213002,0.856816179,0.875883853
E14001569,Green,Waveney Valley,0.910147532,0.929922976,0.78745244,0.875840983
E14001388,Con,North Dorset,0.928926199,0.814724477,0.88356718,0.875739285
E14001357,Con,Melton and Syston,0.884590401,0.902995634,0.836877656,0.87482123
E14001079,Lab,Bassetlaw,0.928666248,0.80300061,0.892617214,0.874761358
E14001475,Con,Skipton and Ripon,0.928765857,0.879700342,0.812604009,0.873690069
E14001360,Con,Mid Buckinghamshire,0.913221822,0.836807492,0.870301841,0.873443718
E14001457,Lab,Rushcliffe,0.951544993,0.764642656,0.903430985,0.873206212
E14001285,Lab,Hexham,0.916390064,0.927652248,0.768943537,0.870995283
E14001526,LD,Stratford-on-Avon,0.928668805,0.786804149,0.893891972,0.869788309
E14001136,Con,Broadland and Fakenham,0.940406796,0.788216817,0.871888447,0.866837353
E14001493,Con,South Shropshire,0.905639776,0.78171154,0.905790839,0.864380718
E14001384,Con,North Bedfordshire,0.875709339,0.863737065,0.852913178,0.864119861
E14001543,Con,The Wrekin,0.875263302,0.76467131,0.951342525,0.863759045
E14001128,Con,Brigg and Immingham,0.914101949,0.846044709,0.829490981,0.863212546
E14001356,LD,Melksham and Devizes,0.908540321,0.779720797,0.901347147,0.863202755
E14001545,LD,Thornbury and Yate,0.949811407,0.661948495,0.975463784,0.862407896
E14001365,Con,Mid Norfolk,0.902592972,0.845503677,0.832578117,0.860224922
E14001449,Con,Romsey and Southampton North,0.889075625,0.753464563,0.934205544,0.858915244
E14001476,Con,Sleaford and North Hykeham,0.903089987,0.901446819,0.762201956,0.855579587
E14001544,Con,Thirsk and Malton,0.910034806,0.994593433,0.65392302,0.85285042
E14001398,LD,North Shropshire,0.889075625,0.85727428,0.810751882,0.852367262
E14001152,Lab,Carlisle,0.901059406,0.878759933,0.777161496,0.852326945
E14001387,LD,North Devon,0.903089987,0.781732281,0.868488547,0.851103605
E14001090,LD,Bicester and Woodstock,0.914007118,0.77033412,0.863208168,0.849183135
E14001121,Con,Braintree,0.924762462,0.773646153,0.848087694,0.848832103
E14001197,LD,Didcot and Wantage,0.928666248,0.720522082,0.894795837,0.847994722
E14001240,Lab,Forest of Dean,0.940406796,0.71349026,0.885274651,0.846390569
E14001382,Lab,Newton Aycliffe and Spennymoor,0.925805074,0.799724007,0.810751882,0.845426988
E14001164,Con,Chester South and Eddisbury,0.944210071,0.859409928,0.732462363,0.845360787
E14001179,Lab,Corby and East Northamptonshire,0.903089987,0.880708125,0.749753614,0.844517242
E14001101,Lab,Bishop Auckland,0.92297327,0.852863669,0.757508683,0.844448541
E14001458,Con,Rutland and Stamford,0.880660271,0.91123438,0.741448809,0.84444782
E14001168,LD,Chippenham,0.923080567,0.694392655,0.915111177,0.8441948
E14001582,Con,Wetherby and Easingwold,0.939541737,0.880331559,0.712673519,0.844182272
E14001311,Lab,Kettering,0.889680995,0.781240997,0.856223421,0.842381804
E14001199,Lab,Doncaster East and the Isle of Axholme,0.907155406,0.775399156,0.844002367,0.842185643
E14001211,Lab,Easington,0.94876515,0.71158816,0.861195397,0.840516236
E14001487,Con,South Holland and The Deepings,0.858001672,0.769597236,0.889533897,0.839044268
E14001591,LD,Witney,0.909887993,0.772644231,0.834575996,0.839036073
E14001288,Con,Hinckley and Bosworth,0.916905577,0.786439817,0.805294577,0.836213324
E14001590,Con,Witham,0.892859662,0.713520096,0.900067691,0.835482483
E14001071,Lab,Aylesbury,0.90623024,0.780477814,0.818935956,0.83521467
E14001395,Green,North Herefordshire,0.87515915,0.823949033,0.805338819,0.834815667
E14001523,Con,"Stone, Great Wyrley and Penkridge",0.930250212,0.738359328,0.833882054,0.834163865
E14001548,LD,Tiverton and Minehead,0.910752293,0.708901048,0.881690633,0.833781325
E14001203,Con,Droitwich and Evesham,0.874094014,0.769611547,0.855627901,0.833111154
E14001512,LD,St Neots and Mid Cambridgeshire,0.932774168,0.799042603,0.763681194,0.831832655
E14001489,Lab,South Norfolk,0.923583801,0.737979034,0.83276861,0.831443815
E14001583,Lab,Whitehaven and Workington,0.947591431,0.777896371,0.767425155,0.830970985
E14001280,LD,Henley and Thame,0.928666248,0.659484115,0.903458359,0.830536241
E14001498,Con,South West Wiltshire,0.90503157,0.729229166,0.854629159,0.829629965
E14001572,LD,Wells and Mendip Hills,0.94604044,0.633522839,0.902047848,0.827203709
E14001497,Lab,South West Norfolk,0.889468284,0.831791911,0.759761068,0.827007088
E14001396,LD,North Norfolk,0.928866276,0.724307803,0.823812998,0.825662359
E14001578,Con,West Suffolk,0.843712193,0.813809911,0.818564227,0.82536211
E14001554,Lab,Truro and Falmouth,0.969688235,0.622825455,0.881706859,0.824740183
E14001530,Lab,Suffolk Coastal,0.916254456,0.770063869,0.786122686,0.824147004
E14001402,Con,North West Essex,0.874094014,0.802268516,0.792441703,0.822934744
E14001580,LD,Westmorland and Lonsdale,0.948610017,0.842718987,0.67457882,0.821969275
E14001335,Lab,Lichfield,0.940301422,0.689630532,0.826739652,0.818890535
E14001542,LD,Tewkesbury,0.91459774,0.707603743,0.832899409,0.818366964
E14001241,LD,Frome and East Somerset,0.951544993,0.724765216,0.771312953,0.815874388
E14001462,Lab,Scunthorpe,0.898981719,0.750138067,0.797713899,0.815611228
E14001538,Lab,Tamworth,0.916992316,0.663167422,0.86039283,0.813517522
E14001195,Lab,Derbyshire Dales,0.914589281,0.744269179,0.7812853,0.813381253
E14001486,Lab,South East Cornwall,0.928666248,0.662497356,0.846697709,0.812620438
E14001575,LD,West Dorset,0.940203426,0.708471379,0.786088407,0.811587737
E14001536,Lab,Swindon North,0.916254456,0.625050451,0.885589818,0.808964909
E14001473,Lab,Shrewsbury,0.928666248,0.72807723,0.763292499,0.806678659
E14001386,Con,North Cotswolds,0.933858045,0.709226217,0.775216683,0.806100315
E14001579,Con,West Worcestershire,0.928666248,0.751261261,0.737223125,0.805716878
E14001146,Lab,Bury St Edmunds and Stowmarket,0.856389485,0.785286725,0.773525817,0.805067342
E14001571,Lab,Wellingborough and Rushden,0.876301732,0.730474191,0.79886688,0.801880934
E14001174,RUK,Clacton,0.862287854,0.702620686,0.837658659,0.800855733
E14001587,LD,Winchester,0.916254456,0.694122144,0.790915758,0.800430786
E14001471,Lab,Sherwood Forest,0.891458584,0.653064336,0.855339068,0.799953996
E14001143,Lab,Burton and Uttoxeter,0.928666248,0.708559308,0.759550267,0.798925274
E14001529,Lab,Stroud,0.96957693,0.681400469,0.743067125,0.798014841
E14001342,Lab,Loughborough,0.874094014,0.651030926,0.864541897,0.796555612
E14001390,Con,North East Cambridgeshire,0.801029996,0.704077761,0.882652483,0.79592008
E14001370,Lab,Milton Keynes North,0.861563149,0.774790862,0.750117548,0.79549052
E14001460,Con,Salisbury,0.89076084,0.705094357,0.787689657,0.794514951
E14001273,Con,Harwich and North Essex,0.907421438,0.66363638,0.809144743,0.793400854
E14001107,Lab,Blyth and Ashington,0.925797831,0.57573377,0.877417311,0.792982971
E14001318,Lab,Lancaster and Wyre,0.905106483,0.695422658,0.778259673,0.792929605
E14001147,Lab,Calder Valley,0.951544993,0.714505718,0.709747986,0.791932899
E14001076,Lab,Barrow and Furness,0.941603015,0.714934877,0.718912258,0.791816717
E14001155,Con,Central Devon,0.940425521,0.693798945,0.741059295,0.791761254
E14001400,Lab,North Warwickshire and Bedworth,0.928666248,0.628172049,0.817348584,0.791395627
E14001232,Con,Exmouth and Exeter East,0.927274359,0.569511206,0.87714017,0.791308579
E14001109,Lab,Bolsover,0.951496962,0.62572491,0.792278495,0.789833456
E14001508,Lab,St Austell and Newquay,0.916313466,0.611631549,0.832136513,0.786693843
E14001142,Lab,Burnley,0.90144859,0.752924884,0.70234178,0.785571751
E14001190,Lab,Darlington,0.891164942,0.711241255,0.753524196,0.785310131
E14001372,Lab,Morecambe and Lunesdale,0.940148393,0.730028868,0.684176469,0.784784577
E14001603,LD,Yeovil,0.88917714,0.65285844,0.810638765,0.784224782
E14001148,Lab,Camborne and Redruth,0.944207271,0.635050253,0.768982736,0.782746753
E14001072,Lab,Banbury,0.913656644,0.762990375,0.671086073,0.782577698
E14001114,RUK,Boston and Skegness,0.623150194,0.823813546,0.897920676,0.781628138
E14001242,Con,Fylde,0.951544993,0.636820075,0.751720119,0.780028396
E14001214,Con,East Hampshire,0.906451346,0.571747512,0.860727846,0.779642235
E14001570,Con,Weald of Kent,0.876828944,0.657055258,0.795583311,0.776489171
E14001443,Lab,Ribble Valley,0.95141784,0.781426657,0.585164087,0.772669528
E14001401,Lab,North West Cambridgeshire,0.888218526,0.743091184,0.68117357,0.77082776
E14001404,Lab,North West Leicestershire,0.928666248,0.604508799,0.778950337,0.770708461
E14001484,LD,South Devon,0.941288785,0.614606595,0.752167943,0.769354441
E14001495,Con,South West Devon,0.959696174,0.557553798,0.78880207,0.768684014
E14001126,Con,Bridgwater,0.907016907,0.559312015,0.839601816,0.76864358
E14001217,Con,East Wiltshire,0.868953234,0.785347599,0.638301365,0.764200733
E14001450,Lab,Rossendale and Darwen,0.938668461,0.816286457,0.53615766,0.763704192
E14001453,Lab,Rugby,0.916710424,0.50947268,0.856470738,0.760884614
E14001173,Lab,City of Durham,0.930501775,0.654561875,0.690920459,0.75866137
E14001522,Lab,Stoke-on-Trent South,0.914313264,0.516615478,0.838457678,0.75646214
E14001511,LD,St Ives,0.940406796,0.654597254,0.67375583,0.756253293
E14001363,LD,Mid Dorset and North Poole,0.925912038,0.524430561,0.814457141,0.754933247
E14001393,Lab,North East Hertfordshire,0.903089987,0.776782496,0.584335749,0.754736078
E14001474,Lab,Sittingbourne and Sheppey,0.840620619,0.625313126,0.794608826,0.75351419
E14001392,LD,North East Hampshire,0.915172532,0.505740774,0.836866135,0.752593147
E14001291,LD,Honiton and Sidmouth,0.928666248,0.563810062,0.762676354,0.751717555
E14001200,Lab,Doncaster North,0.927360419,0.681314821,0.646017779,0.75156434
E14001485,Lab,South Dorset,0.878780866,0.493002409,0.862634972,0.744806083
E14001166,LD,Chichester,0.91437562,0.502830776,0.810921371,0.742709256
E14001368,Lab,Middlesbrough South and East Cleveland,0.886471171,0.593418012,0.747547975,0.742479053
E14001330,LD,Lewes,0.936023399,0.54449593,0.742417431,0.74097892
E14001282,Con,Herne Bay and Sandwich,0.878856653,0.45789411,0.876288196,0.737679653
E14001483,Lab,South Derbyshire,0.903089987,0.670846297,0.632505992,0.735480759
E14001289,Lab,Hitchin,0.92528531,0.597423602,0.682991443,0.735233452
E14001299,Lab,Hyndburn,0.889075625,0.621791553,0.690087584,0.733651587
E14001440,Lab,Redcar,0.914335387,0.544201244,0.735554047,0.731363559
E14001304,Lab,Isle of Wight West,0.874094014,0.523306973,0.794897153,0.730766046
E14001389,Lab,North Durham,0.96052309,0.433568552,0.792783765,0.728958469
E14001294,LD,Horsham,0.926799037,0.467009016,0.789988044,0.727932032
E14001355,Lab,Mansfield,0.889075625,0.513394202,0.780768108,0.727745978
E14001359,Con,Mid Bedfordshire,0.903077002,0.682414256,0.597285795,0.727592351
E14001266,Con,"Harborough, Oadby and Wigston",0.928476288,0.732438227,0.512684579,0.724533031
E14001391,Lab,North East Derbyshire,0.940445332,0.481106088,0.750571013,0.724040811
E14001540,LD,Taunton and Wellington,0.916254456,0.562613056,0.682953033,0.720606848
E14001605,Lab,York Outer,0.961415798,0.48500899,0.709872527,0.718765771
E14001364,Con,Mid Leicestershire,0.907150444,0.579094862,0.647344367,0.711196558
E14001178,Lab,Congleton,0.940406796,0.559860486,0.63055289,0.710273391
E14001514,Con,Staffordshire Moorlands,0.930378152,0.62911097,0.571127662,0.710205595
E14001281,Con,Hereford and South Herefordshire,0.928452635,0.70820116,0.477361642,0.704671812
E14001451,Lab,Rother Valley,0.951370584,0.372850358,0.784345259,0.7028554
E14001494,Con,South Suffolk,0.903089987,0.796296971,0.406977462,0.702121474
E14001202,Lab,Dover and Deal,0.916069618,0.459863742,0.705986289,0.693973216
E14001267,Lab,Harlow,0.859052281,0.469275965,0.750548378,0.692958875
E14001235,Con,Faversham and Mid Kent,0.897763347,0.489652229,0.691028696,0.692814757
E14001425,Lab,Peterborough,0.801071285,0.541706093,0.727788163,0.690188514
E14001566,Lab,Warwick and Leamington,0.929893132,0.586006832,0.545387149,0.687095704
E14001446,Lab,Rochdale,0.858001672,0.502809283,0.700379278,0.687063411
E14001067,Con,Arundel and South Downs,0.89698627,0.536302217,0.625836088,0.686374858
E14001185,Lab,Crewe and Nantwich,0.916481711,0.550660806,0.588826572,0.68532303
E14001403,Con,North West Hampshire,0.891807953,0.567694314,0.587374148,0.682292138
E14001198,Lab,Doncaster Central,0.891107149,0.391989649,0.759761068,0.680952622
E14001183,Lab,Cramlington and Killingworth,0.937526777,0.408488462,0.689029641,0.678348293
E14001441,Lab,Redditch,0.888191098,0.633617027,0.509888277,0.677232134
E14001295,Lab,Houghton and Sunderland South,0.939266258,0.522784136,0.569084104,0.677044832
E14001272,Lab,Hartlepool,0.903089987,0.325369488,0.793820626,0.674093367
E14001422,Lab,Pendle and Clitheroe,0.908307196,0.742418296,0.352115619,0.667613704
E14001518,Lab,Stockton North,0.929802754,0.506714634,0.56489627,0.667137886
E14001151,Lab,Canterbury,0.916251559,0.452914438,0.609930911,0.659698969
E14001268,LD,Harpenden and Berkhamsted,0.918728292,0.488178709,0.567102473,0.658003158
E14001206,Lab,Dunstable and Leighton Buzzard,0.888828052,0.295680788,0.781000212,0.655169684
E14001381,LD,Newton Abbot,0.951544993,0.302644136,0.705149458,0.653112862
E14001555,LD,Tunbridge Wells,0.916254456,0.353548861,0.689066268,0.652956528
E14001418,Lab,Ossett and Denby Dale,0.917749284,0.298169429,0.739019418,0.651646044
E14001196,Ind,Dewsbury and Batley,0.919298439,0.298169429,0.734967239,0.650811702
E14001480,RUK,South Basildon and East Thurrock,0.835210883,0.342040138,0.76984209,0.649031037
E14001501,Lab,Southend East and Rochford,0.84339373,0.358393485,0.744095054,0.648627423
E14001439,Lab,Reading West and Mid Berkshire,0.866287406,0.333153415,0.745374339,0.64827172
E14001239,Lab,Folkestone and Hythe,0.858001672,0.446148756,0.63296124,0.645703889
E14001447,Lab,Rochester and Strood,0.840620619,0.521099009,0.570295606,0.644005078
E14001068,RUK,Ashfield,0.937908739,0.422132235,0.55895502,0.639665331
E14001513,Lab,Stafford,0.940406796,0.742326326,0.232384118,0.638372413
E14001361,Lab,Mid Cheshire,0.948299079,0.56153961,0.402230097,0.637356262
E14001256,RUK,Great Yarmouth,0.858001672,0.418974927,0.620187422,0.632388007
E14001303,Con,Isle of Wight East,0.874094014,0.307419869,0.713885566,0.631799816
E14001125,Con,Brentwood and Ongar,0.903089987,0.253167802,0.737398877,0.631218889
E14001567,Lab,Washington and Gateshead South,0.93561675,0.237567484,0.710895379,0.628026538
E14001593,LD,Wokingham,0.876582048,0.313119365,0.684404565,0.624701993
E14001088,Con,Bexhill and Battle,0.901400046,0.371700134,0.600474762,0.62452498
E14001362,Lab,Mid Derbyshire,0.960162485,0.437237569,0.447682958,0.615027671
E14001394,Lab,North East Somerset and Hanham,0.946755765,0.434715991,0.457466287,0.612979348
E14001286,Lab,Heywood and Middleton North,0.885988217,0.626865493,0.319695699,0.610849803
E14001344,Lab,Lowestoft,0.903089987,0.390652429,0.526209435,0.606650617
E14001369,Lab,Milton Keynes Central,0.866483879,0.421522003,0.523295401,0.603767095
E14001413,Lab,Nuneaton,0.874094014,0.455104962,0.477744904,0.602314626
E14001380,Lab,Newcastle-under-Lyme,0.929212523,0.378827441,0.491689238,0.599909734
E14001171,Con,Christchurch,0.940235668,0,0.855737287,0.598657652
E14001212,Con,East Grinstead and Uckfield,0.91832104,0.279174908,0.596909767,0.598135239
E14001373,Con,New Forest East,0.889075625,0.304221152,0.588344262,0.593880346
E14001423,Lab,Penistone and Stocksbridge,0.962139643,0.162110827,0.653294721,0.592515064
E14001539,Con,Tatton,0.933466847,0.479885926,0.363366288,0.592239687
E14001074,Lab,Barnsley North,0.95972834,0.227278988,0.587211744,0.591406357
E14001134,Lab,Bristol North West,0.935516251,0.109325299,0.713007979,0.585949843
E14001461,Lab,Scarborough and Whitby,0.903089987,0.707118653,0.146312886,0.585507176
E14001533,Con,Sussex Weald,0.891385499,0.262353633,0.596381463,0.583373532
E14001066,Lab,Amber Valley,0.916303206,0.317496413,0.494908113,0.576235911
E14001237,Lab,Filton and Bradley Stoke,0.931039257,0.130833533,0.663755855,0.575209548
E14001376,LD,Newbury,0.821726338,0.261599504,0.641316414,0.574880752
E14001437,Con,Rayleigh and Wickford,0.916254456,0,0.80294257,0.573065676
E14001269,LD,Harrogate and Knaresborough,0.928755236,0.610087494,0.177891971,0.5722449
E14001313,Lab,Kingston upon Hull East,0.845453181,0.262440689,0.608081023,0.571991631
E14001108,Con,Bognor Regis and Littlehampton,0.906832128,0.174262037,0.631590602,0.570894922
E14001233,Con,Fareham and Waterlooville,0.923043496,0.021862658,0.7556299,0.566845352
E14001287,Lab,High Peak,0.972241336,0.597401416,0.124004395,0.564549049
E14001366,LD,Mid Sussex,0.922224312,0.313045,0.448407153,0.561225488
E14001078,Lab,Basingstoke,0.902067004,0.426182112,0.334018735,0.554089284
E14001165,Lab,Chesterfield,0.951544993,0,0.708432934,0.553325976
E14001557,Lab,Tynemouth,0.949316464,0.336497669,0.37240403,0.552739388
E14001255,Lab,Great Grimsby and Cleethorpes,0.902148559,0.026395058,0.727706988,0.552083535
E14001189,Lab,Dagenham and Rainham,0.789480443,0.336060535,0.51427596,0.546605646
E14001308,Con,Keighley and Ilkley,0.951544993,0.62351572,0.062615913,0.545892209
E14001314,Lab,Kingston upon Hull North and Cottingham,0.885257096,0,0.749320092,0.544859062
E14001347,Lab,Macclesfield,0.940406796,0.427818978,0.245987057,0.538070944
E14001283,Lab,Hertford and Stortford,0.903089987,0.476808514,0.23368234,0.53786028
E14001510,Lab,St Helens South and Whiston,0.972241336,0.284497729,0.336930875,0.531223314
E14001069,Lab,Ashford,0.858001672,0.407695004,0.322948824,0.5295485
E14001220,LD,Eastleigh,0.905279256,0.175289631,0.50549868,0.528689189
E14001399,Lab,North Somerset,0.972241336,0,0.58890678,0.520382705
E14001077,Con,Basildon and Billericay,0.840620619,0,0.715295187,0.518638602
E14001263,Con,Hamble Valley,0.915895191,0,0.637426696,0.517773962
E14001113,Lab,Bootle,0.962139643,0,0.587698338,0.51661266
E14001157,Lab,Chatham and Aylesford,0.824138434,0.270437811,0.454517351,0.516364532
E14001491,Lab,South Ribble,0.96304127,0.060033454,0.519487872,0.514187532
E14001546,Lab,Thurrock,0.77815125,0,0.751540549,0.509897266
E14001420,LD,Oxford West and Abingdon,0.911035855,0.246512207,0.364299369,0.507282477
E14001104,Lab,Blackpool North and Fleetwood,0.903631974,0.338645388,0.276150191,0.506142517
E14001509,Lab,St Helens North,0.962139643,0.236235759,0.319695699,0.506023701
E14001111,Lab,Bolton South and Walkden,0.870221647,0.155049109,0.479644158,0.501638305
E14001252,Con,Gosport,0.874094014,0,0.6283341,0.500809371
E14001377,Lab,Newcastle upon Tyne Central and West,0.869719119,0.242359808,0.386438046,0.499505658
E14001320,Lab,Leeds East,0.879569212,0.142149672,0.474646141,0.498788342
E14001194,Lab,Derby South,0.821726338,0.282613452,0.380435621,0.494925137
E14001516,Lab,Stevenage,0.916247923,0.240370822,0.322948824,0.49318919
E14001407,Lab,Northampton South,0.832376179,0.31063488,0.332835042,0.4919487
E14001374,Con,New Forest West,0.903089987,0,0.566816858,0.489968948
E14001564,Lab,Warrington North,0.940406796,0,0.527900643,0.489435813
E14001316,Con,Kingswinford and South Staffordshire,0.899968249,0,0.566626092,0.48886478
E14001106,Lab,Blaydon and Consett,0.951566844,0.18592645,0.327368422,0.488287239
E14001565,Lab,Warrington South,0.962106251,0,0.484454058,0.48218677
E14001112,Lab,Bolton West,0.894921271,0.177998696,0.371528478,0.481482815
E14001515,Lab,Stalybridge and Hyde,0.903089987,0.150708596,0.388377803,0.480725462
E14001426,Lab,Plymouth Moor View,0.913574194,0,0.525552964,0.479709053
E14001245,Lab,Gedling,0.93751836,0,0.501271685,0.479596682
E14001406,Lab,Northampton North,0.870189636,0.402504577,0.165300055,0.479331422
E14001428,Lab,"Pontefract, Castleford and Knottingley",0.916254456,0,0.520724134,0.478992864
E14001075,Lab,Barnsley South,0.952795058,0.136506275,0.342011141,0.477104158
E14001584,Lab,Widnes and Halewood,0.965264393,0.185162599,0.272389461,0.474272151
E14001307,Lab,Jarrow and Gateshead East,0.931089784,0.047443019,0.443999121,0.474177308
E14001346,Lab,Luton South and South Bedfordshire,0.78747272,0,0.633641086,0.473704602
E14001470,Lab,Sheffield South East,0.948118902,0,0.472071875,0.473396926
E14001336,Lab,Lincoln,0.889075625,0.52551757,0,0.471531065
E14001520,Lab,Stoke-on-Trent Central,0.843174996,0.269357734,0.300536448,0.471023059
E14001215,Con,East Surrey,0.861704718,0,0.543570939,0.468425219
E14001210,Lab,Earley and Woodley,0.866029041,0,0.539032696,0.468353912
E14001248,Lab,Gloucester,0.916254456,0,0.488211019,0.468155158
E14001249,Con,Godalming and Ash,0.91145038,0.108250948,0.378786194,0.466162507
E14001226,Con,Epping Forest,0.874094014,0.171917168,0.352115619,0.466042267
E14001284,Con,Hertsmere,0.826864229,0,0.571035478,0.465966569
E14001585,Lab,Wigan,0.916254456,0,0.464447895,0.460234117
E14001577,Lab,West Lancashire,0.940406796,0,0.43865658,0.459687792
E14001324,Lab,Leeds South West and Morley,0.918496692,0,0.458804719,0.459100471
E14001163,Lab,Chester North and Neston,0.953838199,0,0.417821912,0.457220037
E14001181,Lab,Coventry North West,0.903089987,0.376224728,0.067448689,0.448921135
E14001431,Lab,Portsmouth North,0.858001672,0,0.488034598,0.448678757
E14001549,Con,Tonbridge,0.889966215,0,0.446710937,0.445559051
E14001317,Lab,Knowsley,0.990392332,0,0.345289156,0.445227163
E14001472,Lab,Shipley,0.951544993,0,0.377535003,0.443026665
E14001184,Lab,Crawley,0.821726338,0.201561655,0.302812705,0.442033566
E14001191,Lab,Dartford,0.889075625,0,0.433622551,0.440899392
E14001504,Lab,Southport,0.944209002,0,0.374995263,0.439734755
E14001383,Lab,Normanton and Hemsworth,0.936423175,0,0.38165887,0.439360682
E14001452,Lab,Rotherham,0.932675296,0,0.384070795,0.438915364
E14001560,Lab,Wakefield and Rothwell,0.921425309,0,0.395126831,0.438850713
E14001541,Lab,Telford,0.841528486,0.024393923,0.445977039,0.437299816
E14001244,Lab,Gateshead Central and Whickham,0.909141634,0,0.395126831,0.434756155
E14001328,Lab,Leicester West,0.77815125,0.11550848,0.409938781,0.434532837
E14001312,LD,Kingston and Surbiton,0.825848707,0,0.475427904,0.43375887
E14001350,Lab,Makerfield,0.960860183,0,0.340340056,0.433733413
E14001218,Lab,East Worthing and Shoreham,0.951544993,0.121152137,0.217159017,0.429952049
E14001231,Lab,Exeter,0.916358793,0,0.370646887,0.429001893
E14001349,Con,Maidstone and Malling,0.883975358,0,0.396217816,0.426731058
E14001323,Lab,Leeds South,0.714300544,0.115011994,0.448166211,0.42582625
E14001412,Lab,Nottingham South,0.78578116,0,0.489961961,0.425247707
E14001531,Lab,Sunderland Central,0.874094014,0.141868657,0.259341558,0.425101409
E14001588,Con,Windsor,0.820486061,0,0.453827054,0.424771038
E14001551,LD,Torbay,0.874981734,0,0.397658126,0.424213287
E14001329,Lab,Leigh and Atherton,0.914413044,0.187316618,0.165300055,0.422343239
E14001140,Lab,Broxtowe,0.909345257,0,0.356142201,0.421829153
E14001230,LD,Esher and Walton,0.899439866,0,0.362426345,0.42062207
E14001297,Lab,Huddersfield,0.828202463,0,0.433352029,0.420518164
E14001537,Lab,Swindon South,0.893014879,0,0.359564313,0.417526397
E14001379,Lab,Newcastle upon Tyne North,0.888653813,0,0.36383368,0.417495831
E14001581,Lab,Weston-super-Mare,0.928666248,0.19428715,0.127015376,0.416656258
E14001604,Lab,York Central,0.904503755,0,0.343660658,0.416054804
E14001138,Con,Bromsgrove,0.951544993,0,0.29585858,0.415801191
E14001408,Lab,Norwich North,0.916369874,0.16426514,0.165300055,0.41531169
E14001258,LD,Guildford,0.891610102,0.120194603,0.23368234,0.415162348
E14001225,Lab,Enfield North,0.845134083,0,0.397658126,0.41426407
E14001592,LD,Woking,0.916254456,0,0.322304789,0.412853082
E14001479,Con,Solihull West and Shirley,0.922099322,0,0.316357605,0.412818975
E14001517,Lab,Stockport,0.946571956,0,0.291002973,0.412524976
E14001119,Lab,Bradford South,0.902331753,0,0.329826941,0.410719565
E14001492,Lab,South Shields,0.918421567,0.112150487,0.201543636,0.41070523
E14001296,Lab,Hove and Portslade,0.916254456,0,0.315679395,0.410644617
E14001528,Lab,Stretford and Urmston,0.916254456,0,0.315679395,0.410644617
E14001219,LD,Eastbourne,0.916254456,0,0.314997567,0.410417341
E14001455,Lab,Runcorn and Helsby,0.961318791,0,0.269494465,0.410271085
E14001416,Lab,"Oldham West, Chadderton and Royton",0.858001672,0,0.371528478,0.409843383
E14001278,Lab,Hemel Hempstead,0.845200946,0,0.383671955,0.409624301
E14001524,Lab,Stourbridge,0.903250942,0,0.325492991,0.409581311
E14001507,LD,St Albans,0.916239627,0,0.312233287,0.409490971
E14001158,LD,Cheadle,0.962139643,0,0.265529552,0.409223065
E14001602,Lab,Wythenshawe and Sale East,0.874094014,0,0.352625934,0.408906649
E14001429,Lab,Poole,0.915954439,0,0.30869168,0.408215373
E14001354,Lab,Manchester Withington,0.884619822,0,0.337505425,0.407375082
E14001337,Lab,Liverpool Garston,0.966678814,0,0.255043257,0.40724069
E14001466,Lab,Sheffield Brightside and Hillsborough,0.88679296,0,0.334606496,0.407133152
E14001367,Lab,Middlesbrough and Thornaby East,0.860872804,0.153165022,0.206431771,0.406823199
E14001338,Lab,Liverpool Riverside,0.842084666,0,0.377115202,0.406399956
E14001409,Lab,Norwich South,0.841649727,0,0.374995263,0.40554833
E14001574,Lab,West Bromwich,0.81948372,0,0.393287569,0.404257096
E14001216,Lab,East Thanet,0.886424918,0,0.322948824,0.403124581
E14001234,Con,Farnham and Bordon,0.919400313,0,0.28934256,0.402914291
E14001251,Lab,Gorton and Denton,0.86112938,0,0.346897166,0.402675515
E14001521,Lab,Stoke-on-Trent North,0.874116687,0,0.333428259,0.402514982
E14001358,Con,Meriden and Solihull East,0.899876321,0,0.299768597,0.399881639
E14001091,Lab,Birkenhead,0.957086795,0,0.242418408,0.399835068
E14001415,Lab,Oldham East and Saddleworth,0.889075625,0.150708596,0.158506091,0.399430104
E14001348,LD,Maidenhead,0.886351637,0,0.311532773,0.399294803
E14001322,Lab,Leeds North West,0.930178199,0,0.267527383,0.399235194
E14001292,Con,Hornchurch and Upminster,0.821726338,0,0.37240403,0.398043456
E14001595,Lab,Wolverhampton South East,0.815854712,0,0.371967004,0.395940572
E14001419,Lab,Oxford East,0.801029996,0,0.386438046,0.395822681
E14001084,Lab,Bedford,0.888908384,0,0.29585858,0.394922321
E14001275,Con,Havant,0.889075625,0,0.293453834,0.394176487
E14001352,Lab,Manchester Central,0.709316543,0,0.470461548,0.393259363
E14001325,Lab,Leeds West and Pudsey,0.926895485,0,0.252838653,0.393244713
E14001229,Lab,Erith and Thamesmead,0.729814784,0,0.448647643,0.392820809
E14001463,Lab,Sefton Central,0.99261057,0,0.185646245,0.392752272
E14001073,Lab,Barking,0.602059991,0.216138208,0.360045791,0.392747997
E14001228,Lab,Erewash,0.928666248,0,0.247154802,0.39194035
E14001094,Lab,Birmingham Hall Green and Moseley,0.841158393,0,0.333428259,0.391528884
E14001456,Con,Runnymede and Weybridge,0.852855453,0,0.321657493,0.391504315
E14001149,Lab,Cambridge,0.874117701,0,0.29182516,0.38864762
E14001597,Lab,Worcester,0.903089987,0,0.262473001,0.388520996
E14001315,Lab,Kingston upon Hull West and Haltemprice,0.869366469,0,0.29585858,0.38840835
E14001135,Lab,Bristol South,0.874094014,0,0.290175463,0.388089825
E14001573,Lab,Welwyn Hatfield,0.840620619,0,0.318370905,0.386330508
E14001222,Lab,Ellesmere Port and Bromborough,0.972047217,0.013602003,0.171751023,0.385800081
E14001110,Lab,Bolton North East,0.840620619,0,0.315679395,0.385433338
E14001118,Lab,Bradford East,0.874094014,0,0.281591605,0.385228539
E14001378,Lab,Newcastle upon Tyne East and Wallsend,0.85086014,0,0.303562537,0.384807559
E14001433,Lab,Preston,0.90047338,0,0.245987057,0.382153479
E14001093,Lab,Birmingham Erdington,0.785535961,0,0.360525462,0.382020475
E14001070,Lab,Ashton-under-Lyne,0.910051053,0,0.23368234,0.381244464
E14001177,Lab,Colne Valley,0.940406796,0,0.199871812,0.380092869
E14001302,Lab,Ipswich,0.840620619,0.03769299,0.261437689,0.379917099
E14001120,Lab,Bradford West,0.801029996,0,0.335191566,0.37874052
E14001535,Con,Sutton Coldfield,0.928650317,0.20366828,0,0.377439532
E14001600,Lab,Wycombe,0.916171245,0,0.215680585,0.377283943
E14001122,Lab,Brent East,0.562153216,0,0.567577084,0.376576767
E14001261,Lab,Halesowen,0.886855946,0,0.22974743,0.372201125
E14001170,Spk,Chorley,1,0.11519137,0,0.371730457
E14001436,Lab,Rawmarsh and Conisbrough,0.941445576,0.1736769,0,0.371707492
E14001083,Lab,Beckenham and Penge,0.875044759,0,0.239982721,0.371675827
E14001154,Con,Castle Point,0.914888867,0,0.199871812,0.371586893
E14001321,Lab,Leeds North East,0.928666248,0,0.185646245,0.371437498
E14001448,Con,Romford,0.857430918,0,0.25613146,0.371187459
E14001371,Lab,Mitcham and Morden,0.887945982,0,0.218620542,0.368855508
E14001063,Lab,Aldershot,0.876592849,0,0.22974743,0.368780093
E14001129,Lab,Brighton Kemptown and Peacehaven,0.855394482,0.247688213,0,0.367694232
E14001601,Con,Wyre Forest,0.916254456,0.031225165,0.153767467,0.367082363
E14001319,Lab,Leeds Central and Headingley,0.806312349,0,0.292642091,0.366318147
E14001496,Con,South West Hertfordshire,0.884244103,0,0.209589661,0.364611255
E14001095,Lab,Birmingham Hodge Hill and Solihull North,0.832976871,0,0.25613146,0.36303611
E14001180,Lab,Coventry East,0.793931255,0,0.295062015,0.362997757
E14001599,Lab,Worthing West,0.924898986,0,0.163075288,0.362658091
E14001193,Lab,Derby North,0.858001672,0,0.2270552,0.361685624
E14001558,Lab,Uxbridge and South Ruislip,0.790550206,0,0.293453834,0.36133468
E14001562,Lab,Walsall and Bloxwich,0.778724168,0,0.302812705,0.360512291
E14001500,Lab,Southampton Test,0.752574989,0,0.325492991,0.359355993
E14001274,Lab,Hastings and Rye,0.874553814,0,0.201543636,0.35869915
E14001236,Lab,Feltham and Heston,0.650514998,0,0.423796037,0.358103678
E14001345,Lab,Luton North,0.868357265,0,0.203193874,0.357183713
E14001065,Lab,Altrincham and Sale West,0.940406796,0,0.129957052,0.35678795
E14001547,Lab,Tipton and Wednesbury,0.850389315,0,0.218620542,0.356336619
E14001124,Lab,Brentford and Isleworth,0.81948833,0,0.248311974,0.355933434
E14001064,Con,Aldridge-Brownhills,0.89698522,0,0.167486756,0.354823992
E14001105,Lab,Blackpool South,0.84575899,0,0.218620542,0.354793177
E14001534,LD,Sutton and Cheam,0.858001672,0,0.203193874,0.353731849
E14001221,Lab,Edmonton and Winchmore Hill,0.777857427,0,0.281591605,0.353149677
E14001257,Lab,Greenwich and Woolwich,0.602059991,0,0.455886858,0.35264895
E14001598,Lab,Worsley and Eccles,0.902596614,0,0.153767467,0.35212136
E14001246,Lab,Gillingham and Rainham,0.874094014,0,0.181827907,0.351973974
E14001478,Lab,Smethwick,0.874094014,0,0.173830963,0.349308326
E14001161,LD,Cheltenham,0.889075625,0,0.158506091,0.349193905
E14001477,Lab,Slough,0.77815125,0,0.265529552,0.347893601
E14001589,Lab,Wirral West,0.978030968,0,0.05759319,0.345208053
E14001227,LD,Epsom and Ewell,0.914562627,0,0.120920763,0.34516113
E14001465,Con,Sevenoaks,0.90202459,0,0.129957052,0.343993881
E14001201,LD,Dorking and Horley,0.89012969,0,0.141090099,0.34373993
E14001097,Lab,Birmingham Northfield,0.798013855,0,0.232384118,0.343465991
E14001506,Lab,Spen Valley,0.905584039,0,0.124004395,0.343196145
E14001594,Lab,Wolverhampton North East,0.801029996,0,0.2270552,0.342695065
E14001341,Lab,Liverpool West Derby,0.969575644,0,0.05759319,0.342389611
E14001568,Lab,Watford,0.870718105,0,0.156158739,0.342292281
E14001459,Lab,Salford,0.84623942,0,0.17987509,0.34203817
E14001432,Lab,Portsmouth South,0.801029996,0,0.220065543,0.34036518
E14001442,Con,Reigate,0.893079787,0,0.124004395,0.339028061
E14001176,Lab,Colchester,0.822424595,0.029987125,0.153767467,0.335393062
E14001082,Con,Beaconsfield,0.858001672,0,0.146312886,0.334771519
E14001414,Con,Old Bexley and Sidcup,0.874094014,0,0.124004395,0.332699469
E14001132,Lab,Bristol East,0.873050194,0,0.124004395,0.332351529
E14001438,Lab,Reading Central,0.850318719,0,0.143728169,0.331348963
E14001145,Lab,Bury South,0.933111134,0,0.05759319,0.330234775
E14001276,Lab,Hayes and Harlington,0.690108038,0,0.299768597,0.329958878
E14001100,Lab,Birmingham Yardley,0.852261591,0,0.135644759,0.329302117
E14001182,Lab,Coventry South,0.759943664,0,0.224305036,0.3280829
E14001153,LD,Carshalton and Wallington,0.858001672,0.119166819,0,0.32572283
E14001561,Lab,Wallasey,0.972241336,0,0,0.324080445
E14001102,Ind,Blackburn,0.858576601,0,0.111196651,0.323257751
E14001167,Con,Chingford and Woodford Green,0.911910244,0,0.05759319,0.323167811
E14001468,Lab,Sheffield Hallam,0.966043894,0,0,0.322014631
E14001159,LD,Chelmsford,0.903089987,0,0.062615913,0.321901967
E14001254,Lab,Gravesham,0.752574989,0,0.211139821,0.32123827
E14001596,Lab,Wolverhampton West,0.805023173,0,0.143728169,0.316250447
E14001098,Ind,Birmingham Perry Barr,0.607460719,0,0.339213737,0.315558152
E14001238,Lab,Finchley and Golders Green,0.778890597,0,0.167486756,0.315459118
E14001300,Lab,Ilford North,0.862600121,0,0.080938679,0.314512934
E14001169,Lab,Chipping Barnet,0.865632869,0,0.07659832,0.314077063
E14001277,LD,Hazel Grove,0.940406796,0,0,0.313468932
E14001262,Lab,Halifax,0.877418703,0,0.062615913,0.313344872
E14001353,Lab,Manchester Rusholme,0.69738745,0,0.241206367,0.312864606
E14001137,Con,Bromley and Biggin Hill,0.87446727,0,0.062615913,0.312361061
E14001133,Lab,Bristol North East,0.935673444,0,0,0.311891148
E14001576,Lab,West Ham and Beckton,0.504465248,0,0.431166989,0.311877412
E14001411,Lab,Nottingham North and Kimberley,0.833397601,0,0.100671311,0.311356304
E14001339,Lab,Liverpool Walton,0.93355301,0,0,0.311184337
E14001204,Lab,Dudley,0.860383002,0,0.072105364,0.310829455
E14001586,LD,Wimbledon,0.867054494,0,0.05759319,0.308215895
E14001162,LD,Chesham and Amersham,0.922491154,0,0,0.307497051
E14001089,Lab,Bexleyheath and Crayford,0.854659406,0,0.067448689,0.307369365
E14001223,Lab,Eltham and Chislehurst,0.844999103,0,0.07659832,0.307199141
E14001144,Lab,Bury North,0.92048472,0,0,0.30682824
E14001209,Lab,Ealing Southall,0.830895887,0,0.089200757,0.306698881
E14001080,LD,Bath,0.906769047,0,0,0.302256349
E14001427,Lab,Plymouth Sutton and Devonport,0.858001672,0,0.046913735,0.301638469
E14001103,Lab,Blackley and Middleton South,0.761027281,0,0.143728169,0.30158515
E14001532,LD,Surrey Heath,0.903972486,0,0,0.301324162
E14001139,Con,Broxbourne,0.903089987,0,0,0.301029996
E14001505,Con,Spelthorne,0.903089987,0,0,0.301029996
E14001207,Lab,Ealing Central and Acton,0.763863859,0,0.135644759,0.299836206
E14001527,Lab,Streatham and Croydon North,0.77815125,0,0.120920763,0.299690671
E14001417,Con,Orpington,0.895907047,0,0,0.298635682
E14001469,Lab,Sheffield Heeley,0.889742251,0,0,0.29658075
E14001340,Lab,Liverpool Wavertree,0.8891172,0,0,0.2963724
E14001150,Lab,Cannock Chase,0.889075625,0,0,0.296358542
E14001563,Lab,Walthamstow,0.889075625,0,0,0.296358542
E14001556,LD,Twickenham,0.889075625,0,0,0.296358542
E14001502,Lab,Southend West and Leigh,0.884488942,0,0,0.294829647
E14001327,Ind,Leicester South,0.777477711,0,0.100671311,0.292716341
E14001467,Lab,Sheffield Central,0.752597,0,0.124004395,0.292200465
E14001445,LD,Richmond Park,0.874094014,0,0,0.291364671
E14001115,Lab,Bournemouth East,0.874076659,0,0,0.291358886
E14001187,Con,Croydon South,0.867220594,0,0,0.289073531
E14001503,Lab,Southgate and Wood Green,0.864179742,0,0,0.288059914
E14001116,Lab,Bournemouth West,0.859775334,0,0,0.286591778
E14001117,Lab,Bracknell,0.855541032,0,0,0.285180344
E14001331,Lab,Lewisham East,0.849452218,0,0,0.283150739
E14001454,Con,"Ruislip, Northwood and Pinner",0.847599098,0,0,0.282533033
E14001550,Lab,Tooting,0.840620619,0,0,0.280206873
E14001099,Lab,Birmingham Selly Oak,0.840398096,0,0,0.280132699
E14001293,Lab,Hornsey and Friern Barnet,0.840030483,0,0,0.280010161
E14001306,Lab,Islington South and Finsbury,0.690105621,0,0.148846366,0.279650662
E14001205,Lab,Dulwich and West Norwood,0.757661591,0,0.062615913,0.273425835
E14001334,Lab,Leyton and Wanstead,0.811434901,0,0,0.2704783
E14001326,Con,Leicester East,0.752574989,0,0.05759319,0.27005606
E14001499,Lab,Southampton Itchen,0.801029996,0,0,0.267009999
E14001434,Lab,Putney,0.798810379,0,0,0.266270126
E14001092,Lab,Birmingham Edgbaston,0.58291137,0,0.215680585,0.266197318
E14001188,Lab,Croydon West,0.792769251,0,0,0.264256417
E14001333,Lab,Lewisham West and East Dulwich,0.788831943,0,0,0.262943981
E14001186,Lab,Croydon East,0.788530565,0,0,0.262843522
E14001081,Lab,Battersea,0.77815125,0,0,0.25938375
E14001265,Lab,Hampstead and Highgate,0.715725536,0,0.05759319,0.257772909
E14001271,Lab,Harrow West,0.771990654,0,0,0.257330218
E14001123,Lab,Brent West,0.539590623,0,0.232384118,0.257324914
E14001332,Lab,Lewisham North,0.770072535,0,0,0.256690845
E14001301,Lab,Ilford South,0.758132046,0,0,0.252710682
E14001290,Lab,Holborn and St Pancras,0.690105621,0,0.062615913,0.250907178
E14001085,Lab,Bermondsey and Old Southwark,0.599972692,0,0.148846366,0.249606353
E14001175,Lab,Clapham and Brixton Hill,0.741059504,0,0,0.247019835
E14001260,Lab,Hackney South and Shoreditch,0.686660504,0,0.052364975,0.246341826
E14001410,Lab,Nottingham East,0.733337393,0,0,0.244445798
E14001096,Lab,Birmingham Ladywood,0.435642044,0,0.296650212,0.244097419
E14001131,Green,Bristol Central,0.723579016,0,0,0.241193005
E14001208,Lab,Ealing North,0.723579016,0,0,0.241193005
E14001264,Lab,Hammersmith and Chiswick,0.713814297,0,0,0.237938099
E14001213,Lab,East Ham,0.690105621,0,0,0.230035207
E14001435,Lab,Queen's Park and Maida Vale,0.552650077,0,0.132832542,0.228494207
E14001270,Con,Harrow East,0.677290864,0,0,0.225763621
E14001259,Lab,Hackney North and Stoke Newington,0.655375653,0,0,0.218458551
E14001305,Ind,Islington North,0.650514998,0,0,0.216838333
E14001559,Lab,Vauxhall and Camberwell Green,0.64733157,0,0,0.21577719
E14001160,Lab,Chelsea and Fulham,0.410238031,0,0.220065543,0.210101192
E14001553,Lab,Tottenham,0.612931829,0,0,0.20431061
E14001279,Lab,Hendon,0.602059991,0,0,0.200686664
E14001525,Lab,Stratford and Bow,0.381873734,0,0.165300055,0.182391263
E14001086,Lab,Bethnal Green and Stepney,0.515207646,0,0,0.171735882
E14001421,Lab,Peckham,0.293784757,0,0.096961013,0.13024859
E14001310,Lab,Kensington and Bayswater,0.330995688,0,0.05759319,0.129529626
E14001172,Lab,Cities of London and Westminster,0.024030349,0,0.345827411,0.12328592
E14001130,Green,Brighton Pavilion,0.301029996,0,0,0.100343332
E14001430,Lab,Poplar and Limehouse,0,0,0.062615913,0.020871971
